b'A fine addition';;;;148548;;;;fnby1i;;;;PrequelMemes;;;;https://v.redd.it/19jp6pszxbo41;;;;1421;;;;b'';;;;1584957759.0
b'I made a thing';;;;140948;;;;flmmzz;;;;PrequelMemes;;;;https://gfycat.com/eagereverlastingbabirusa;;;;1379;;;;b'';;;;1584698533.0
b'Art by JB Casacop';;;;134243;;;;dvd1yr;;;;PrequelMemes;;;;https://i.redd.it/s2y08clghay31.png;;;;720;;;;b'';;;;1573608056.0
b'Due to popular demand, I extended my grievous animation and added another lightsaber';;;;118275;;;;fmvpmo;;;;PrequelMemes;;;;https://gfycat.com/safepowerlessargusfish;;;;821;;;;b'';;;;1584888969.0
b"If this post somehow gets 131,072 upvotes, I'll post again with 262,144 Ewans";;;;115889;;;;85xypk;;;;PrequelMemes;;;;https://i.redd.it/qvzzsga6xym01.jpg;;;;1228;;;;b'';;;;1521621266.0
b'I\\u2019ve made a huge mistake. Mom loves her Jesus Christmas present and I\\u2019m not sure how to get out of this thing alive when she figures out.';;;;109948;;;;a9jmdm;;;;PrequelMemes;;;;https://i.redd.it/rhctzrawji621.jpg;;;;1574;;;;b'';;;;1545811439.0
b'After playing 3700 hours of Battlefront 2';;;;100745;;;;7d0k4i;;;;PrequelMemes;;;;https://i.redd.it/6p5n69hik1yz.png;;;;839;;;;b'';;;;1510738013.0
b'George was planning this all along...';;;;99208;;;;ec5v7k;;;;PrequelMemes;;;;https://i.redd.it/v5y2krj5ta541.jpg;;;;752;;;;b'';;;;1576662907.0
b'this is my magnum opus, my creme de la creme';;;;97969;;;;fp280f;;;;PrequelMemes;;;;https://v.redd.it/kceqmwyr1xo41;;;;1020;;;;b'';;;;1585213284.0
b'Bless you Hayden';;;;97891;;;;ads9pl;;;;PrequelMemes;;;;https://i.redd.it/pb0aj8awt5921.jpg;;;;552;;;;b'';;;;1546964954.0
b"When you're the main character of an open world video game.";;;;96429;;;;9eebki;;;;PrequelMemes;;;;https://i.redd.it/33zwpm00q8l11.gif;;;;646;;;;b'';;;;1536539698.0
b'We\\u2019ve come full circle';;;;95843;;;;ee5qfm;;;;PrequelMemes;;;;https://i.redd.it/q6qk8svm87641.jpg;;;;2346;;;;b'';;;;1577055533.0
b"It's over Anakin!";;;;92720;;;;8n6vlr;;;;PrequelMemes;;;;https://i.redd.it/zbaxu25hcy011.jpg;;;;588;;;;b'';;;;1527697035.0
b'My lord is that legal?';;;;92557;;;;eirfc0;;;;PrequelMemes;;;;https://i.redd.it/c0fpocvgu9841.jpg;;;;974;;;;b'';;;;1577958787.0
b'The exact moment Samuel L. Jackson asked George Lucas for a purple lightsaber is on camera and I\\u2019ve never seen it?? I\\u2019m overwhelmed';;;;91836;;;;f0z1i5;;;;PrequelMemes;;;;https://v.redd.it/4hmj27ws1sf41;;;;1282;;;;b'';;;;1581230363.0
b'Happy new year everyone, waited a whole year to do this';;;;91821;;;;abd0ui;;;;PrequelMemes;;;;https://v.redd.it/31po7v5qfp721;;;;722;;;;b'';;;;1546330717.0
b'Can I get an F in the chat';;;;90913;;;;elbnpk;;;;PrequelMemes;;;;https://i.redd.it/xaouwbiu0d941.jpg;;;;1655;;;;b'';;;;1578433100.0
b'I guess that\\u2019s consistency?';;;;90413;;;;fbunqu;;;;PrequelMemes;;;;https://i.redd.it/3157u23nl2k41.jpg;;;;865;;;;b'';;;;1583101246.0
b"This isn't even a meme. It's just how it is.";;;;90274;;;;e2oksn;;;;PrequelMemes;;;;https://i.redd.it/yu5dr7ix8b141.jpg;;;;528;;;;b'';;;;1574924820.0
b'Finally someone said it';;;;87001;;;;8q9bjm;;;;PrequelMemes;;;;https://i.redd.it/a0tyj8mddd311.jpg;;;;813;;;;b'';;;;1528750639.0
b'OBI WAN SERIES IS A GO!!! EWAN MCGREGOR IS RETURNING!!!!!';;;;86599;;;;cumi2f;;;;PrequelMemes;;;;https://i.redd.it/nlpb8d13lai31.jpg;;;;1104;;;;b'';;;;1566635692.0
b'I love Mike Myers but...';;;;85483;;;;etfvfx;;;;PrequelMemes;;;;https://i.redd.it/wsvhe84pasc41.jpg;;;;482;;;;b'';;;;1579925561.0
b'The Senate. Upvote this so that people see it when they Google "The Senate".';;;;85210;;;;5yp7qg;;;;PrequelMemes;;;;http://imgur.com/ChYwfMq;;;;728;;;;b'';;;;1489213615.0
b'When you finally give in to temptation and use the BattleForTheNet autodialer website.';;;;84581;;;;7er1pr;;;;PrequelMemes;;;;https://i.redd.it/f5wucpu57jzz.jpg;;;;433;;;;b'';;;;1511387335.0
b'Palpatine has reached his full potential';;;;84278;;;;cgrnpe;;;;PrequelMemes;;;;https://i.redd.it/hjuc0njkl1c31.jpg;;;;502;;;;b'';;;;1563911803.0
b'Yoda is the best fidget spinner';;;;84259;;;;fevycf;;;;PrequelMemes;;;;https://i.redd.it/ozfr5p3pi9l41.jpg;;;;741;;;;b'';;;;1583620852.0
b"don't abuse the actors, guys";;;;83503;;;;exg8kr;;;;PrequelMemes;;;;https://i.redd.it/9um1lapvvee41.jpg;;;;1656;;;;b'';;;;1580634885.0
b"It's unfair!";;;;83318;;;;e4idj2;;;;PrequelMemes;;;;https://i.redd.it/pdcvdh61d1241.jpg;;;;453;;;;b'';;;;1575240979.0
b'How to increase your vocabulary';;;;82290;;;;dtkw5f;;;;PrequelMemes;;;;https://www.imgur.com/KBRAd53.jpg;;;;346;;;;b'';;;;1573272148.0
b'R2?';;;;81845;;;;ejfmp8;;;;PrequelMemes;;;;https://i.redd.it/lhfu4sdvik841.jpg;;;;603;;;;b'';;;;1578088185.0
b'This post was made by Ahsoka Gang';;;;80970;;;;emsycs;;;;PrequelMemes;;;;https://i.redd.it/mgvtzegn5z941.jpg;;;;2244;;;;b'';;;;1578701067.0
b'I don\\u2019t care if this gets downvoted into oblivion! I DID IT REDDIT!!';;;;80963;;;;abfo7i;;;;PrequelMemes;;;;https://v.redd.it/ced6et1g5r721;;;;489;;;;b'';;;;1546351532.0
b'He is strong and wise and I am very proud of him. May the force be with you Ri-Lee.';;;;80487;;;;efw287;;;;PrequelMemes;;;;https://i.redd.it/fuv2rdtlnz641.jpg;;;;632;;;;b'';;;;1577399561.0
b'ThisIsOutrageous.exe';;;;80186;;;;7x4bx4;;;;PrequelMemes;;;;https://i.redd.it/gfnvnyuhquf01.gif;;;;460;;;;b'';;;;1518500854.0
b'Perfection [OC]';;;;79713;;;;ddjmhq;;;;PrequelMemes;;;;https://i.redd.it/r3jl8ecy3oq31.jpg;;;;408;;;;b'';;;;1570286209.0
b'I\\u2019ve had this key for six years, I should\\u2019ve known this would\\u2019ve happened eventually.';;;;79704;;;;cj0uqv;;;;PrequelMemes;;;;https://i.redd.it/pnxzetu5s3d31.jpg;;;;886;;;;b'';;;;1564374086.0
b'It will be done my lord';;;;79507;;;;extkeu;;;;PrequelMemes;;;;https://i.redd.it/h0tlymraake41.jpg;;;;385;;;;b'';;;;1580700267.0
b"I'll try shitposting, that's a good trick";;;;77537;;;;8t9v5j;;;;PrequelMemes;;;;https://gfycat.com/ConstantCarefulAmericanshorthair;;;;532;;;;b'';;;;1529788617.0
b'I love democracy';;;;77430;;;;euo7qh;;;;PrequelMemes;;;;https://i.redd.it/cx69kz9cubd41.jpg;;;;1942;;;;b'';;;;1580162227.0
b'Has anyone done this yet?';;;;77121;;;;b2y3ee;;;;PrequelMemes;;;;https://i.redd.it/bo8mwprw53n21.jpg;;;;407;;;;b'';;;;1553034569.0
b'Padme logic';;;;76807;;;;buh6j5;;;;PrequelMemes;;;;https://i.redd.it/3m5kqoa8l6131.png;;;;597;;;;b'';;;;1559177911.0
b'A new challenger approaches';;;;76655;;;;fl72g9;;;;PrequelMemes;;;;https://v.redd.it/uk612jxqiln41;;;;826;;;;b'';;;;1584637970.0
b'General Kenobi';;;;76487;;;;au0tjg;;;;PrequelMemes;;;;https://i.imgur.com/GJixeRJ.jpg;;;;557;;;;b'';;;;1550988845.0
b"If this post gets 65,536 upvotes, I'll post again with twice as many Ewans";;;;76162;;;;85vgww;;;;PrequelMemes;;;;https://i.redd.it/fwecnkzseym01.jpg;;;;1066;;;;b'';;;;1521602059.0
b'Say what?';;;;76161;;;;bi08rb;;;;PrequelMemes;;;;https://i.redd.it/kr6dq0l9ttu21.png;;;;1001;;;;b'';;;;1556408125.0
b'My first prequel meme boys';;;;75732;;;;eyt14a;;;;PrequelMemes;;;;https://i.redd.it/v3ow6nirtxe41.jpg;;;;519;;;;b'';;;;1580864203.0
b'Why did I spend time making this';;;;75660;;;;9njpjk;;;;PrequelMemes;;;;https://i.redd.it/9cabbn1vwqr11.png;;;;268;;;;b'';;;;1539374946.0
b'This one\\u2019s for Qui-Gon';;;;75470;;;;fmg53d;;;;PrequelMemes;;;;https://v.redd.it/za8q5a4oh1o41;;;;403;;;;b'';;;;1584831258.0
b'The duel of Mustafar';;;;75166;;;;dfvp9o;;;;PrequelMemes;;;;https://i.redd.it/jw7dvz3eror31.png;;;;526;;;;b'';;;;1570729974.0
b'Theory: The Tusken Raiders at the podrace were time travelers trying to kill their version of kid-Hitler and stop him from killing not just the men, but the women and the children.';;;;75088;;;;cjljec;;;;PrequelMemes;;;;https://i.redd.it/kaqzbv2rscd31.jpg;;;;617;;;;b'';;;;1564483417.0
b'Thanos made it to the front page in 2 words. Can we make it there in less?';;;;74986;;;;9be638;;;;PrequelMemes;;;;https://i.redd.it/drqu45ge44j11.png;;;;352;;;;b'';;;;1535612252.0
b'Damn greedy corporations';;;;74350;;;;ctx4yx;;;;PrequelMemes;;;;https://i.redd.it/1ets58nt00i31.jpg;;;;1201;;;;b'';;;;1566507805.0
b'The Jedi are peacekeepers';;;;73644;;;;etnnpw;;;;PrequelMemes;;;;https://i.redd.it/42434zwfkvc41.jpg;;;;1182;;;;b'';;;;1579965157.0
b'Use my knowledge. I beg you.';;;;73530;;;;esti2q;;;;PrequelMemes;;;;https://i.redd.it/g6ole4tjbjc41.jpg;;;;634;;;;b'';;;;1579816885.0
b'Twice the paper, double the cost';;;;73398;;;;cmfgkt;;;;PrequelMemes;;;;https://i.redd.it/ox1crpzmjoe31.jpg;;;;179;;;;b'';;;;1565061308.0
b"April Fool's Day? You gotta be kidding me.";;;;73275;;;;88top2;;;;PrequelMemes;;;;https://v.redd.it/wqb2yj2hucp01;;;;455;;;;b'';;;;1522642757.0
b'Anakin with the sass';;;;73169;;;;7qkkk0;;;;PrequelMemes;;;;https://i.redd.it/gep59dz589a01.jpg;;;;498;;;;b'';;;;1516060898.0
b'LEAKED KENOBI MOVIE INTRO';;;;73143;;;;8s15th;;;;PrequelMemes;;;;https://v.redd.it/tbabyjg3ks411;;;;797;;;;b'';;;;1529370426.0
b'Ffffff';;;;73142;;;;eoijgf;;;;PrequelMemes;;;;https://i.redd.it/rcvdixgqepa41.jpg;;;;1334;;;;b'';;;;1579018901.0
b'Making a meme from every line of the Prequels: Day 250';;;;72970;;;;fhqxst;;;;PrequelMemes;;;;https://i.redd.it/zk5e53xz5cm41.jpg;;;;358;;;;b'';;;;1584088750.0
b'When you realize that senator is an anagram for treason';;;;72088;;;;7m8szf;;;;PrequelMemes;;;;https://i.imgur.com/NhtdVuQ.jpg;;;;541;;;;b'';;;;1514336046.0
b"I'm too weak";;;;71735;;;;cf3xy2;;;;PrequelMemes;;;;https://i.redd.it/a5grdqxwc7b31.jpg;;;;683;;;;b'';;;;1563545683.0
b'If I get 10,000 upvotes, I\\u2019ll have this image tattooed on my chest.';;;;71667;;;;85vurm;;;;PrequelMemes;;;;https://i.redd.it/tipcagqm5zm01.jpg;;;;1117;;;;b'';;;;1521604966.0
b'When you finish your last rep of sit-ups';;;;71394;;;;8f1r2i;;;;PrequelMemes;;;;https://i.redd.it/mj0orynbi8u01.gif;;;;419;;;;b'';;;;1524769197.0
b'A thank you to everyone who helped us reach 1 million subscribers.';;;;71309;;;;ccjzr8;;;;PrequelMemes;;;;https://v.redd.it/j8bl5dovsy931;;;;552;;;;b'';;;;1563013123.0
b'When is the hd remaster?';;;;71288;;;;asqujd;;;;PrequelMemes;;;;https://i.redd.it/ahf9fcpjarh21.jpg;;;;1330;;;;b'';;;;1550711585.0
b'He showed all the signs...';;;;71281;;;;cs0wew;;;;PrequelMemes;;;;https://i.redd.it/ov6e0jgvg7h31.jpg;;;;316;;;;b'';;;;1566162103.0
b'the old zipper boner';;;;71266;;;;fizkko;;;;PrequelMemes;;;;https://i.redd.it/v8cgpflxftm41.png;;;;345;;;;b'';;;;1584298087.0
b'War<Friendship';;;;71039;;;;a5bgvv;;;;PrequelMemes;;;;https://i.imgur.com/PMgD9BR.jpg;;;;638;;;;b'';;;;1544594080.0
b"But Ewan's still good though";;;;70921;;;;em82c9;;;;PrequelMemes;;;;https://i.redd.it/50tcju59hq941.jpg;;;;605;;;;b'';;;;1578596011.0
b'So true';;;;70799;;;;db0gqa;;;;PrequelMemes;;;;https://i.redd.it/4l1zmepgblp31.jpg;;;;550;;;;b'';;;;1569816564.0
b'You Must Realize Anakin';;;;70568;;;;be0kc2;;;;PrequelMemes;;;;https://v.redd.it/1y499cpzjps21;;;;646;;;;b'';;;;1555484978.0
b'A true Jedi';;;;70434;;;;ef47bw;;;;PrequelMemes;;;;https://i.redd.it/aco732co7m641.jpg;;;;457;;;;b'';;;;1577236814.0
b'NOW this is pod racing';;;;70353;;;;djmt6w;;;;PrequelMemes;;;;https://i.redd.it/u6wb56eumat31.jpg;;;;409;;;;b'';;;;1571430608.0
b'Yeet';;;;70276;;;;edwccq;;;;PrequelMemes;;;;https://i.redd.it/yea6tbkvb2641.jpg;;;;509;;;;b'';;;;1576996089.0
b"George wasn't filming the whole time";;;;69618;;;;aembb2;;;;PrequelMemes;;;;https://i.redd.it/h8ic92i1an921.gif;;;;416;;;;b'';;;;1547176370.0
b'Well';;;;69608;;;;ei1x8v;;;;PrequelMemes;;;;https://i.redd.it/9u69ryu5jy741.jpg;;;;561;;;;b'';;;;1577821808.0
b'UNLIMITED COINS';;;;69545;;;;ed66a0;;;;PrequelMemes;;;;https://i.redd.it/86k15fwmdq541.jpg;;;;188;;;;b'';;;;1576851398.0
b'Instagramers tryin to crop watermarks like...';;;;69505;;;;aiv7cq;;;;PrequelMemes;;;;https://i.redd.it/lnqj9e3ba3c21.gif;;;;350;;;;b'';;;;1548241739.0
b"I've stole it but you should see it";;;;69349;;;;amjhss;;;;PrequelMemes;;;;https://i.redd.it/0nxt8jjrj8e21.jpg;;;;376;;;;b'';;;;1549177111.0
b'None Shall Pass';;;;69347;;;;eoq17h;;;;PrequelMemes;;;;https://i.redd.it/6sjd3c3jpsa41.jpg;;;;300;;;;b'';;;;1579058852.0
b'Roger roger';;;;69148;;;;dyd4tx;;;;PrequelMemes;;;;https://i.redd.it/ze5i66n5pjz31.jpg;;;;1239;;;;b'';;;;1574155436.0
b'The proper way to greet the New Year.';;;;68940;;;;7n8aew;;;;PrequelMemes;;;;https://i.imgur.com/MthQECZ.gifv;;;;372;;;;b'';;;;1514752890.0
b'Focus';;;;68783;;;;fp8s3p;;;;PrequelMemes;;;;https://i.redd.it/hl3k25cmnzo41.jpg;;;;1801;;;;b'';;;;1585244834.0
b'This is getting out of hand';;;;68632;;;;80q2pn;;;;PrequelMemes;;;;https://i.imgur.com/hMOcDUV.gifv;;;;663;;;;b'';;;;1519794141.0
b'fixed it';;;;68104;;;;da5sn7;;;;PrequelMemes;;;;https://i.redd.it/spfcqdab17p31.png;;;;230;;;;b'';;;;1569643681.0
b'I am the Senate';;;;67934;;;;ewdffr;;;;PrequelMemes;;;;https://i.redd.it/w2wrt45fqzd41.jpg;;;;300;;;;b'';;;;1580451446.0
b'When r/prequelmemes used to be a wholesome subreddit devoted to loving the prequels because they were Star Wars films, no matter how cheesy or silly they were, but has become an unironic anti-anthology, anti-sequel community, despite spending years defending the prequels from the same hate';;;;67683;;;;8t2m56;;;;PrequelMemes;;;;https://i.redd.it/pxzsa9mgvk511.jpg;;;;2146;;;;b'';;;;1529713162.0
b'Ani? My goodness you\\u2019ve grown...';;;;67639;;;;du1gjv;;;;PrequelMemes;;;;https://i.redd.it/4dgf30q33qx31.jpg;;;;393;;;;b'';;;;1573361081.0
b'There\\u2019s always a bigger fish.';;;;67524;;;;chr18t;;;;PrequelMemes;;;;https://i.redd.it/uiay6fz6mhc31.jpg;;;;903;;;;b'';;;;1564105722.0
b'Me after realizing that maul has untapped meme potential, and people are upvoting low effort memes for coins';;;;67446;;;;ecz58u;;;;PrequelMemes;;;;https://i.redd.it/mgfjm6nyjn541.jpg;;;;231;;;;b'';;;;1576817205.0
b'A suprise to be sure, but a welcome one';;;;67154;;;;aunooo;;;;PrequelMemes;;;;https://i.redd.it/vcvkqqmk0ri21.jpg;;;;293;;;;b'';;;;1551144079.0
b'Begun, the clone war has.';;;;67055;;;;f8uoym;;;;PrequelMemes;;;;https://imgur.com/1dGWvX7;;;;728;;;;b'';;;;1582594228.0
b'Thor watches the Prequels';;;;67036;;;;bu5558;;;;PrequelMemes;;;;https://i.redd.it/d836gwmni0131.jpg;;;;780;;;;b'';;;;1559104396.0
b'Hello there.';;;;66914;;;;er91hv;;;;PrequelMemes;;;;https://i.redd.it/ylpb30yoivb41.jpg;;;;680;;;;b'';;;;1579528721.0
b'Magnificent isn\\u2019t it';;;;66730;;;;fo6b6y;;;;PrequelMemes;;;;https://i.redd.it/eg98kaxgvmo41.jpg;;;;661;;;;b'';;;;1585090083.0
b'It\\u2019s perfectly legal';;;;66674;;;;apj8bn;;;;PrequelMemes;;;;https://i.redd.it/lyp8ttn8fzf21.jpg;;;;630;;;;b'';;;;1549938321.0
b'Literally the entire star wars fan base at the moment';;;;66535;;;;cv6e10;;;;PrequelMemes;;;;https://i.redd.it/8geqclzzaki31.png;;;;708;;;;b'';;;;1566753381.0
b"This is outrageous, it's unfair!";;;;66441;;;;ent563;;;;PrequelMemes;;;;https://v.redd.it/qu0m1d6dtea41;;;;1025;;;;b'';;;;1578890716.0
b"M'Lady";;;;66383;;;;f1ubma;;;;PrequelMemes;;;;https://i.redd.it/vg5vo8gk15g41.jpg;;;;808;;;;b'';;;;1581387443.0
